Sample,Fq1,Fq2,Expected_sp,Genome_size,Min_genome_size,Max_genome_size,Max_SNV,Max_Contigs,Read_size,Bases_Q30,Cov_Q30,Rate_Q30,Status_Q30,Sp_detected,Status_SP,SNV_detected,Status_SNV,Expected_completeness,Expected_contamination,Marker_lineage,Completeness,Contamination,Strain_heterogeneity,Taxonomy_(contained),Genome_size_(Mbp),Gene_count,out_genome_size_(Mbp)_mean,out_genome_size_(Mbp)_std,out_gene_count_mean,out_gene_count_std,contigs,N50_(contigs),Status_Contamination,Assembly_quality,ST,MLST,Antigenic_profile,ST_patho,cgmlst_ST,h1,h2,o_antigen,serovar,Resistance_genes,Antimicrobial(class),Gene_mut(resistance)
15_STEC_07028,15_STEC_07028_S10_R1_001.fastq.gz,15_STEC_07028_S10_R2_001.fastq.gz,Escherichia coli,5.000,4.5,5.9,7,500,301,347853528,69.57,90.393,PASS,Escherichia coli,PASS,0.000,PASS,98,2,f__Enterobacteriaceae_(UID5124),99.97,0.33,0.00,k__Bacteria;p__Proteobacteria;c__Gammaproteobacteria;o__Enterobacteriales;f__Enterobacteriaceae;g__Shigella,5.554413,5483,5.568629,0.051893,5465.5,167.5,230,117503,PASS,GOOD,1833,adk(12);fumC(285);gyrB(8);icd(12);mdh(15);purA(2);recA(2),O157:H7,STEC,-,-,-,-,-,aadA2b;aph(3'')-Ib;aph(6)-Id;catA1;cmlA1;dfrA1;sul1;sul3;tet(A),ciprofloxacin(quinolone);doxycycline(tetracycline);nalidixic_acid(quinolone);streptomycin(aminoglycoside);sulfamethoxazole(folate_pathway_antagonist);tetracycline(tetracycline),gyrA_p.S83L(Nalidixic_Acid;Ciprofloxacin)
15_STEC_07028,15_STEC_07028_S11_R1_001.fastq.gz,15_STEC_07028_S11_R2_001.fastq.gz,Escherichia coli,5.000,4.5,5.9,7,500,301,565684863,113.13,91.038,PASS,Escherichia coli,PASS,0.500,PASS,98,2,f__Enterobacteriaceae_(UID5124),99.97,0.33,0.00,k__Bacteria;p__Proteobacteria;c__Gammaproteobacteria;o__Enterobacteriales;f__Enterobacteriaceae;g__Shigella,5.557588,5483,5.568629,0.051893,5465.5,167.5,223,117945,PASS,GOOD,1833,adk(12);fumC(285);gyrB(8);icd(12);mdh(15);purA(2);recA(2),O157:H7,STEC,-,-,-,-,-,aadA2b;aph(3'')-Ib;aph(6)-Id;catA1;cmlA1;dfrA1;sul1;sul3;tet(A),ciprofloxacin(quinolone);doxycycline(tetracycline);nalidixic_acid(quinolone);streptomycin(aminoglycoside);sulfamethoxazole(folate_pathway_antagonist);tetracycline(tetracycline),gyrA_p.S83L(Nalidixic_Acid;Ciprofloxacin)
15_STEC_07028,15_STEC_07028_S12_R1_001.fastq.gz,15_STEC_07028_S12_R2_001.fastq.gz,Escherichia coli,5.000,4.5,5.9,7,500,301,535456362,107.09,90.346,PASS,Escherichia coli,PASS,0.000,PASS,98,2,f__Enterobacteriaceae_(UID5124),99.97,0.33,0.00,k__Bacteria;p__Proteobacteria;c__Gammaproteobacteria;o__Enterobacteriales;f__Enterobacteriaceae;g__Shigella,5.559158,5483,5.568629,0.051893,5465.5,167.5,228,117945,PASS,GOOD,1833,adk(12);fumC(285);gyrB(8);icd(12);mdh(15);purA(2);recA(2),O157:H7,STEC,-,-,-,-,-,aadA2b;aph(3'')-Ib;aph(6)-Id;catA1;cmlA1;dfrA1;sul1;sul3;tet(A),ciprofloxacin(quinolone);doxycycline(tetracycline);nalidixic_acid(quinolone);streptomycin(aminoglycoside);sulfamethoxazole(folate_pathway_antagonist);tetracycline(tetracycline),gyrA_p.S83L(Nalidixic_Acid;Ciprofloxacin)
15_STEC_07028,15_STEC_07028_S8_R1_001.fastq.gz,15_STEC_07028_S8_R2_001.fastq.gz,Escherichia coli,5.000,4.5,5.9,7,500,301,464047296,92.80,87.555,PASS,Escherichia coli,PASS,0.500,PASS,98,2,f__Enterobacteriaceae_(UID5124),99.97,0.33,0.00,k__Bacteria;p__Proteobacteria;c__Gammaproteobacteria;o__Enterobacteriales;f__Enterobacteriaceae;g__Shigella,5.565049,5483,5.568629,0.051893,5465.5,167.5,230,117496,PASS,GOOD,1833,adk(12);fumC(285);gyrB(8);icd(12);mdh(15);purA(2);recA(2),O157:H7,STEC,-,-,-,-,-,aadA2b;aph(3'')-Ib;aph(6)-Id;catA1;cmlA1;dfrA1;sul1;sul3;tet(A),ciprofloxacin(quinolone);doxycycline(tetracycline);nalidixic_acid(quinolone);streptomycin(aminoglycoside);sulfamethoxazole(folate_pathway_antagonist);tetracycline(tetracycline),gyrA_p.S83L(Nalidixic_Acid;Ciprofloxacin)
15_STEC_07028,15_STEC_07028_S9_R1_001.fastq.gz,15_STEC_07028_S9_R2_001.fastq.gz,Escherichia coli,5.000,4.5,5.9,7,500,301,387742931,77.54,88.733,PASS,Escherichia coli,PASS,0.000,PASS,98,2,f__Enterobacteriaceae_(UID5124),99.97,0.33,0.00,k__Bacteria;p__Proteobacteria;c__Gammaproteobacteria;o__Enterobacteriales;f__Enterobacteriaceae;g__Shigella,5.562905,5483,5.568629,0.051893,5465.5,167.5,223,124460,PASS,GOOD,1833,adk(12);fumC(285);gyrB(8);icd(12);mdh(15);purA(2);recA(2),O157:H7,STEC,-,-,-,-,-,aadA2b;aph(3'')-Ib;aph(6)-Id;catA1;cmlA1;dfrA1;sul1;sul3;tet(A),ciprofloxacin(quinolone);doxycycline(tetracycline);nalidixic_acid(quinolone);streptomycin(aminoglycoside);sulfamethoxazole(folate_pathway_antagonist);tetracycline(tetracycline),gyrA_p.S83L(Nalidixic_Acid;Ciprofloxacin)
16_STEC_07744,16_STEC_07744_S13_R1_001.fastq.gz,16_STEC_07744_S13_R2_001.fastq.gz,Escherichia coli,5.000,4.5,5.9,7,500,301,245616770,49.12,89.098,PASS,Escherichia coli,PASS,0.000,PASS,98,2,f__Enterobacteriaceae_(UID5162),99.93,0.14,0.00,k__Bacteria;p__Proteobacteria;c__Gammaproteobacteria;o__Enterobacteriales;f__Enterobacteriaceae,5.396007,5273,4.96671266667,0.18396585315300001,4820.0,238.03501143,145,154161,PASS,GOOD,4379,adk(137);fumC(4);gyrB(5);icd(1);mdh(353);purA(13);recA(7),O157:H19,EAEC,-,-,-,-,-,aac(3)-IIa;aadA2b;aph(3')-Ia;aph(3'')-Ib;aph(6)-Id;blaTEM-1A;cmlA1;dfrA1;sul1;sul2;sul3;tet(A),amoxicillin(beta-lactam);ampicillin(beta-lactam);apramycin(aminoglycoside);cephalothin(beta-lactam);dibekacin(aminoglycoside);doxycycline(tetracycline);gentamicin(aminoglycoside);netilmicin(aminoglycoside);piperacillin(beta-lactam);sisomicin(aminoglycoside);streptomycin(aminoglycoside);sulfamethoxazole(folate_pathway_antagonist);tetracycline(tetracycline);ticarcillin(beta-lactam);tobramycin(aminoglycoside),-
16_STEC_07744,16_STEC_07744_S14_R1_001.fastq.gz,16_STEC_07744_S14_R2_001.fastq.gz,Escherichia coli,5.000,4.5,5.9,7,500,301,505536976,101.10,88.788,PASS,Escherichia coli,PASS,1.000,PASS,98,2,f__Enterobacteriaceae_(UID5162),99.93,0.14,0.00,k__Bacteria;p__Proteobacteria;c__Gammaproteobacteria;o__Enterobacteriales;f__Enterobacteriaceae,5.403051,5273,4.96671266667,0.18396585315300001,4820.0,238.03501143,129,154161,PASS,GOOD,4379,adk(137);fumC(4);gyrB(5);icd(1);mdh(353);purA(13);recA(7),O157:H19,EAEC,-,-,-,-,-,aac(3)-IIa;aadA2b;aph(3')-Ia;aph(3'')-Ib;aph(6)-Id;blaTEM-1A;cmlA1;dfrA1;sul1;sul2;sul3;tet(A),amoxicillin(beta-lactam);ampicillin(beta-lactam);apramycin(aminoglycoside);cephalothin(beta-lactam);dibekacin(aminoglycoside);doxycycline(tetracycline);gentamicin(aminoglycoside);netilmicin(aminoglycoside);piperacillin(beta-lactam);sisomicin(aminoglycoside);streptomycin(aminoglycoside);sulfamethoxazole(folate_pathway_antagonist);tetracycline(tetracycline);ticarcillin(beta-lactam);tobramycin(aminoglycoside),-
16_STEC_07744,16_STEC_07744_S15_R1_001.fastq.gz,16_STEC_07744_S15_R2_001.fastq.gz,Escherichia coli,5.000,4.5,5.9,7,500,301,584150180,116.83,89.099,PASS,Escherichia coli,PASS,0.500,PASS,98,2,f__Enterobacteriaceae_(UID5162),99.93,0.14,0.00,k__Bacteria;p__Proteobacteria;c__Gammaproteobacteria;o__Enterobacteriales;f__Enterobacteriaceae,5.398104,5273,4.96671266667,0.18396585315300001,4820.0,238.03501143,137,149021,PASS,GOOD,4379,adk(137);fumC(4);gyrB(5);icd(1);mdh(353);purA(13);recA(7),O157:H19,EAEC,-,-,-,-,-,aac(3)-IIa;aadA2b;aph(3')-Ia;aph(3'')-Ib;aph(6)-Id;blaTEM-1A;cmlA1;dfrA1;sul1;sul2;sul3;tet(A),amoxicillin(beta-lactam);ampicillin(beta-lactam);apramycin(aminoglycoside);cephalothin(beta-lactam);dibekacin(aminoglycoside);doxycycline(tetracycline);gentamicin(aminoglycoside);netilmicin(aminoglycoside);piperacillin(beta-lactam);sisomicin(aminoglycoside);streptomycin(aminoglycoside);sulfamethoxazole(folate_pathway_antagonist);tetracycline(tetracycline);ticarcillin(beta-lactam);tobramycin(aminoglycoside),-
16_STEC_07744,16_STEC_07744_S16_R1_001.fastq.gz,16_STEC_07744_S16_R2_001.fastq.gz,Escherichia coli,5.000,4.5,5.9,7,500,301,418996504,83.79,88.167,PASS,Escherichia coli,PASS,1.000,PASS,98,2,f__Enterobacteriaceae_(UID5162),99.93,0.14,0.00,k__Bacteria;p__Proteobacteria;c__Gammaproteobacteria;o__Enterobacteriales;f__Enterobacteriaceae,5.40078,5273,4.96671266667,0.18396585315300001,4820.0,238.03501143,137,154161,PASS,GOOD,4379,adk(137);fumC(4);gyrB(5);icd(1);mdh(353);purA(13);recA(7),O157:H19,EAEC,-,-,-,-,-,aac(3)-IIa;aadA2b;aph(3')-Ia;aph(3'')-Ib;aph(6)-Id;blaTEM-1A;cmlA1;dfrA1;sul1;sul2;sul3;tet(A),amoxicillin(beta-lactam);ampicillin(beta-lactam);apramycin(aminoglycoside);cephalothin(beta-lactam);dibekacin(aminoglycoside);doxycycline(tetracycline);gentamicin(aminoglycoside);netilmicin(aminoglycoside);piperacillin(beta-lactam);sisomicin(aminoglycoside);streptomycin(aminoglycoside);sulfamethoxazole(folate_pathway_antagonist);tetracycline(tetracycline);ticarcillin(beta-lactam);tobramycin(aminoglycoside),-
16_STEC_07744,16_STEC_07744_S17_R1_001.fastq.gz,16_STEC_07744_S17_R2_001.fastq.gz,Escherichia coli,5.000,4.5,5.9,7,500,301,403235801,80.64,89.560,PASS,Escherichia coli,PASS,1.500,PASS,98,2,f__Enterobacteriaceae_(UID5162),99.93,0.14,0.00,k__Bacteria;p__Proteobacteria;c__Gammaproteobacteria;o__Enterobacteriales;f__Enterobacteriaceae,5.398115,5273,4.96671266667,0.18396585315300001,4820.0,238.03501143,133,162950,PASS,GOOD,4379,adk(137);fumC(4);gyrB(5);icd(1);mdh(353);purA(13);recA(7),O157:H19,EAEC,-,-,-,-,-,aac(3)-IIa;aadA2b;aph(3')-Ia;aph(3'')-Ib;aph(6)-Id;blaTEM-1A;cmlA1;dfrA1;sul1;sul2;sul3;tet(A),amoxicillin(beta-lactam);ampicillin(beta-lactam);apramycin(aminoglycoside);cephalothin(beta-lactam);dibekacin(aminoglycoside);doxycycline(tetracycline);gentamicin(aminoglycoside);netilmicin(aminoglycoside);piperacillin(beta-lactam);sisomicin(aminoglycoside);streptomycin(aminoglycoside);sulfamethoxazole(folate_pathway_antagonist);tetracycline(tetracycline);ticarcillin(beta-lactam);tobramycin(aminoglycoside),-
16_STEC_08137,16_STEC_08137_S18_R1_001.fastq.gz,16_STEC_08137_S18_R2_001.fastq.gz,Escherichia coli,5.000,4.5,5.9,7,500,301,556630161,111.32,89.096,PASS,Escherichia coli,PASS,1.500,PASS,98,2,f__Enterobacteriaceae_(UID5162),99.93,0.22,0.00,k__Bacteria;p__Proteobacteria;c__Gammaproteobacteria;o__Enterobacteriales;f__Enterobacteriaceae,5.185778,4990,4.96671266667,0.18396585315300001,4820.0,238.03501143,87,214122,PASS,GOOD,88,adk(6);fumC(4);gyrB(12);icd(1);mdh(20);purA(12);recA(7),O8:H9,STEC,-,-,-,-,-,aadA2b;cmlA1;dfrA1;sul1;sul3;tet(B),ciprofloxacin(quinolone);doxycycline(tetracycline);minocycline(tetracycline);nalidixic_acid(quinolone);sulfamethoxazole(folate_pathway_antagonist);tetracycline(tetracycline),gyrA_p.S83L(Nalidixic_Acid;Ciprofloxacin)
16_STEC_08468,16_STEC_08468_S19_R1_001.fastq.gz,16_STEC_08468_S19_R2_001.fastq.gz,Escherichia coli,5.000,4.5,5.9,7,500,301,460821046,92.16,87.684,PASS,Escherichia coli,PASS,0.000,PASS,98,2,f__Enterobacteriaceae_(UID5124),99.97,0.04,0.00,k__Bacteria;p__Proteobacteria;c__Gammaproteobacteria;o__Enterobacteriales;f__Enterobacteriaceae,4.673685,4414,4.62706766667,0.0631398774671,4348.33333333,79.5417430592,108,89133,PASS,GOOD,48,adk(6);fumC(11);gyrB(4);icd(8);mdh(8);purA(8);recA(2),O157:H32,NA,-,-,-,-,-,aadA1;tet(B),ciprofloxacin(quinolone);doxycycline(tetracycline);minocycline(tetracycline);nalidixic_acid(quinolone);spectinomycin(aminocyclitol);streptomycin(aminoglycoside);tetracycline(tetracycline),gyrA_p.S83L(Nalidixic_Acid;Ciprofloxacin)
17_STEC_00757,17_STEC_00757_S20_R1_001.fastq.gz,17_STEC_00757_S20_R2_001.fastq.gz,Escherichia coli,5.000,4.5,5.9,7,500,301,441765796,88.35,90.085,PASS,Escherichia coli,PASS,2.000,PASS,98,2,f__Enterobacteriaceae_(UID5124),99.97,0.04,0.00,k__Bacteria;p__Proteobacteria;c__Gammaproteobacteria;o__Enterobacteriales;f__Enterobacteriaceae;g__Shigella,5.089027,4745,5.17596644444,0.390540537463,5426.33333333,272.891105673,84,177903,PASS,GOOD,1011,adk(6);fumC(4);gyrB(159);icd(44);mdh(112);purA(1);recA(17),O157:H45,NA,-,-,-,-,-,aac(3)-IId;aadA2;aph(3')-Ia;aph(3'')-Ib;aph(6)-Id;blaTEM-1B;dfrA12;mph(A);sul1;sul2;tet(B),amoxicillin(beta-lactam);ampicillin(beta-lactam);cephalothin(beta-lactam);ciprofloxacin(quinolone);doxycycline(tetracycline);minocycline(tetracycline);nalidixic_acid(quinolone);piperacillin(beta-lactam);spectinomycin(aminocyclitol);streptomycin(aminoglycoside);sulfamethoxazole(folate_pathway_antagonist);tetracycline(tetracycline);ticarcillin(beta-lactam);trimethoprim(folate_pathway_antagonist),gyrA_p.D87N(Nalidixic_Acid;Ciprofloxacin);gyrA_p.S83L(Nalidixic_Acid;Ciprofloxacin);parC_p.S80I(Nalidixic_Acid;Ciprofloxacin)
17_STEC_00757,17_STEC_00757_S21_R1_001.fastq.gz,17_STEC_00757_S21_R2_001.fastq.gz,Escherichia coli,5.000,4.5,5.9,7,500,301,453212583,90.64,87.341,PASS,Escherichia coli,PASS,0.000,PASS,98,2,f__Enterobacteriaceae_(UID5124),99.97,0.04,0.00,k__Bacteria;p__Proteobacteria;c__Gammaproteobacteria;o__Enterobacteriales;f__Enterobacteriaceae;g__Shigella,5.08731,4745,5.17596644444,0.390540537463,5426.33333333,272.891105673,82,199067,PASS,GOOD,1011,adk(6);fumC(4);gyrB(159);icd(44);mdh(112);purA(1);recA(17),O157:H45,NA,-,-,-,-,-,aac(3)-IId;aadA2;aph(3')-Ia;aph(3'')-Ib;aph(6)-Id;blaTEM-1B;dfrA12;mph(A);sul1;sul2;tet(B),amoxicillin(beta-lactam);ampicillin(beta-lactam);cephalothin(beta-lactam);ciprofloxacin(quinolone);doxycycline(tetracycline);minocycline(tetracycline);nalidixic_acid(quinolone);piperacillin(beta-lactam);spectinomycin(aminocyclitol);streptomycin(aminoglycoside);sulfamethoxazole(folate_pathway_antagonist);tetracycline(tetracycline);ticarcillin(beta-lactam);trimethoprim(folate_pathway_antagonist),gyrA_p.D87N(Nalidixic_Acid;Ciprofloxacin);gyrA_p.S83L(Nalidixic_Acid;Ciprofloxacin);parC_p.S80I(Nalidixic_Acid;Ciprofloxacin)
17_STEC_00757,17_STEC_00757_S22_R1_001.fastq.gz,17_STEC_00757_S22_R2_001.fastq.gz,Escherichia coli,5.000,4.5,5.9,7,500,301,481116273,96.22,87.928,PASS,Escherichia coli,PASS,1.500,PASS,98,2,f__Enterobacteriaceae_(UID5124),99.97,0.04,0.00,k__Bacteria;p__Proteobacteria;c__Gammaproteobacteria;o__Enterobacteriales;f__Enterobacteriaceae;g__Shigella,5.166018,4745,5.17596644444,0.390540537463,5426.33333333,272.891105673,88,174367,PASS,GOOD,1011,adk(6);fumC(4);gyrB(159);icd(44);mdh(112);purA(1);recA(17),O157:H45,NA,-,-,-,-,-,aac(3)-IId;aadA2;aph(3')-Ia;aph(3'')-Ib;aph(6)-Id;blaTEM-1B;dfrA12;mph(A);sul1;sul2;tet(B),amoxicillin(beta-lactam);ampicillin(beta-lactam);cephalothin(beta-lactam);ciprofloxacin(quinolone);doxycycline(tetracycline);minocycline(tetracycline);nalidixic_acid(quinolone);piperacillin(beta-lactam);spectinomycin(aminocyclitol);streptomycin(aminoglycoside);sulfamethoxazole(folate_pathway_antagonist);tetracycline(tetracycline);ticarcillin(beta-lactam);trimethoprim(folate_pathway_antagonist),gyrA_p.D87N(Nalidixic_Acid;Ciprofloxacin);gyrA_p.S83L(Nalidixic_Acid;Ciprofloxacin);parC_p.S80I(Nalidixic_Acid;Ciprofloxacin)
17_STEC_00757,17_STEC_00757_S23_R1_001.fastq.gz,17_STEC_00757_S23_R2_001.fastq.gz,Escherichia coli,5.000,4.5,5.9,7,500,301,481776326,96.35,87.674,PASS,Escherichia coli,PASS,0.500,PASS,98,2,f__Enterobacteriaceae_(UID5124),99.97,0.04,0.00,k__Bacteria;p__Proteobacteria;c__Gammaproteobacteria;o__Enterobacteriales;f__Enterobacteriaceae;g__Shigella,5.089282,4745,5.17596644444,0.390540537463,5426.33333333,272.891105673,81,199067,PASS,GOOD,1011,adk(6);fumC(4);gyrB(159);icd(44);mdh(112);purA(1);recA(17),O157:H45,NA,-,-,-,-,-,aac(3)-IId;aadA2;aph(3')-Ia;aph(3'')-Ib;aph(6)-Id;blaTEM-1B;dfrA12;mph(A);sul1;sul2;tet(B),amoxicillin(beta-lactam);ampicillin(beta-lactam);cephalothin(beta-lactam);ciprofloxacin(quinolone);doxycycline(tetracycline);minocycline(tetracycline);nalidixic_acid(quinolone);piperacillin(beta-lactam);spectinomycin(aminocyclitol);streptomycin(aminoglycoside);sulfamethoxazole(folate_pathway_antagonist);tetracycline(tetracycline);ticarcillin(beta-lactam);trimethoprim(folate_pathway_antagonist),gyrA_p.D87N(Nalidixic_Acid;Ciprofloxacin);gyrA_p.S83L(Nalidixic_Acid;Ciprofloxacin);parC_p.S80I(Nalidixic_Acid;Ciprofloxacin)
22_SALM_01340,22_SALM_01340_S1_R1_001.fastq.gz,22_SALM_01340_S1_R2_001.fastq.gz,Salmonella enterica,5.000,4.3,5.3,7,300,301,381595637,76.31,86.645,PASS,Salmonella enterica,PASS,1.000,PASS,98,2,f__Enterobacteriaceae_(UID5139),100.00,0.58,0.00,k__Bacteria;p__Proteobacteria;c__Gammaproteobacteria;o__Enterobacteriales;f__Enterobacteriaceae;g__Salmonella;s__Salmonella_enterica,4.929553,4638,4.884046,0.15306322853299997,4747.15,349.77325155,48,416026,PASS,GOOD,32,aroC(17);dnaN(18);hemD(22);hisD(17);purE(5);sucA(21);thrA(19),7:r:1;5,Infantis,485159352,r,1;5,6;7;14,Infantis,aac(6')-Iaa;aadA1;dfrA14;sul1;tet(A),ciprofloxacin(quinolone);doxycycline(tetracycline);nalidixic_acid(quinolone);sulfamethoxazole(folate_pathway_antagonist);tetracycline(tetracycline);trimethoprim(folate_pathway_antagonist),gyrA_p.S83Y(Nalidixic_Acid;Ciprofloxacin);parC_p.T57S(Nalidixic_Acid;Ciprofloxacin)
22_SALM_12044,22_SALM_12044_S3_R1_001.fastq.gz,22_SALM_12044_S3_R2_001.fastq.gz,Salmonella enterica,5.000,4.3,5.3,7,300,301,469339109,93.86,88.659,PASS,Salmonella enterica,PASS,0.000,PASS,98,2,f__Enterobacteriaceae_(UID5139),100.00,0.13,0.00,k__Bacteria;p__Proteobacteria;c__Gammaproteobacteria;o__Enterobacteriales;f__Enterobacteriaceae;g__Salmonella;s__Salmonella_enterica,4.703861,4432,4.6722725,0.0135755,4187.0,125.0,26,490118,PASS,GOOD,11,aroC(5);dnaN(2);hemD(3);hisD(7);purE(6);sucA(6);thrA(11),9:g;m:-,Enteritidis,1514529757,g;m,-,1;9;12,Enteritidis,aac(6')-Iaa,ciprofloxacin(quinolone);nalidixic_acid(quinolone),gyrA_p.S83Y(Nalidixic_Acid;Ciprofloxacin)
22_SALM_12224,22_SALM_12224_S7_R1_001.fastq.gz,22_SALM_12224_S7_R2_001.fastq.gz,Salmonella enterica,5.000,4.3,5.3,7,300,301,484189973,96.83,87.555,PASS,Salmonella enterica,PASS,0.500,PASS,98,2,f__Enterobacteriaceae_(UID5139),100.00,0.58,0.00,k__Bacteria;p__Proteobacteria;c__Gammaproteobacteria;o__Enterobacteriales;f__Enterobacteriaceae;g__Salmonella;s__Salmonella_enterica,4.928904,4640,4.884046,0.15306322853299997,4747.15,349.77325155,50,416026,PASS,GOOD,32,aroC(17);dnaN(18);hemD(22);hisD(17);purE(5);sucA(21);thrA(19),7:r:1;5,Infantis,1621452229,r,1;5,6;7;14,Infantis,aac(6')-Iaa;aadA1;dfrA14;sul1;tet(A),ciprofloxacin(quinolone);doxycycline(tetracycline);nalidixic_acid(quinolone);sulfamethoxazole(folate_pathway_antagonist);tetracycline(tetracycline);trimethoprim(folate_pathway_antagonist),gyrA_p.S83Y(Nalidixic_Acid;Ciprofloxacin);parC_p.T57S(Nalidixic_Acid;Ciprofloxacin)
22_SALM_14014,22_SALM_14014_S4_R1_001.fastq.gz,22_SALM_14014_S4_R2_001.fastq.gz,Salmonella enterica,5.000,4.3,5.3,7,300,301,449382507,89.87,88.189,PASS,Salmonella enterica,PASS,0.500,PASS,98,2,f__Enterobacteriaceae_(UID5139),100.00,0.58,0.00,k__Bacteria;p__Proteobacteria;c__Gammaproteobacteria;o__Enterobacteriales;f__Enterobacteriaceae;g__Salmonella;s__Salmonella_enterica,4.923515,4637,4.884046,0.15306322853299997,4747.15,349.77325155,49,416026,PASS,GOOD,32,aroC(17);dnaN(18);hemD(22);hisD(17);purE(5);sucA(21);thrA(19),7:r:1;5,Infantis,485159352,r,1;5,6;7;14,Infantis,aac(6')-Iaa;aadA1;sul1;tet(A),ciprofloxacin(quinolone);doxycycline(tetracycline);nalidixic_acid(quinolone);sulfamethoxazole(folate_pathway_antagonist);tetracycline(tetracycline),gyrA_p.S83Y(Nalidixic_Acid;Ciprofloxacin);parC_p.T57S(Nalidixic_Acid;Ciprofloxacin)
22_SALM_14015,22_SALM_14015_S5_R1_001.fastq.gz,22_SALM_14015_S5_R2_001.fastq.gz,Salmonella enterica,5.000,4.3,5.3,7,300,301,440378335,88.07,88.305,PASS,Salmonella enterica,PASS,1.000,PASS,98,2,f__Enterobacteriaceae_(UID5139),100.00,0.58,0.00,k__Bacteria;p__Proteobacteria;c__Gammaproteobacteria;o__Enterobacteriales;f__Enterobacteriaceae;g__Salmonella;s__Salmonella_enterica,4.921858,4635,4.884046,0.15306322853299997,4747.15,349.77325155,46,416026,PASS,GOOD,32,aroC(17);dnaN(18);hemD(22);hisD(17);purE(5);sucA(21);thrA(19),7:r:1;5,Infantis,1621452229,r,1;5,6;7;14,Infantis,aac(6')-Iaa;aadA1;sul1;tet(A),ciprofloxacin(quinolone);doxycycline(tetracycline);nalidixic_acid(quinolone);sulfamethoxazole(folate_pathway_antagonist);tetracycline(tetracycline),gyrA_p.S83Y(Nalidixic_Acid;Ciprofloxacin);parC_p.T57S(Nalidixic_Acid;Ciprofloxacin)
22_SALM_14016,22_SALM_14016_S6_R1_001.fastq.gz,22_SALM_14016_S6_R2_001.fastq.gz,Salmonella enterica,5.000,4.3,5.3,7,300,301,335963415,67.19,88.569,PASS,Salmonella enterica,PASS,0.000,PASS,98,2,f__Enterobacteriaceae_(UID5139),100.00,0.58,0.00,k__Bacteria;p__Proteobacteria;c__Gammaproteobacteria;o__Enterobacteriales;f__Enterobacteriaceae;g__Salmonella;s__Salmonella_enterica,4.923733,4636,4.884046,0.15306322853299997,4747.15,349.77325155,50,416026,PASS,GOOD,32,aroC(17);dnaN(18);hemD(22);hisD(17);purE(5);sucA(21);thrA(19),7:r:1;5,Infantis,485159352,r,1;5,6;7;14,Infantis,aac(6')-Iaa;aadA1;sul1;tet(A),ciprofloxacin(quinolone);doxycycline(tetracycline);nalidixic_acid(quinolone);sulfamethoxazole(folate_pathway_antagonist);tetracycline(tetracycline),gyrA_p.S83Y(Nalidixic_Acid;Ciprofloxacin);parC_p.T57S(Nalidixic_Acid;Ciprofloxacin)
CNP_131222_S24,CNP_131222_S24_R1_001.fastq.gz,CNP_131222_S24_R2_001.fastq.gz,-,-,-,-,-,-,301,389330,.07,80.425,FAIL,-,-,-,-,-,-,-,-,-,-,-,-,-,-,-,-,-,-,-,-,-,-,-,-,-,-,-,-,-,-,-,-,-
